{
    "ObjArchives": [
        {
            "objects": [
                [
                    "nRdYT_d.o",
                    58652
                ],
                [
                    "amcQwB.o",
                    101222
                ]
            ],
            "archive": "archive.1/_65022_archive_1.a",
            "size": 159874
        }
    ],
    "Modules": {
        "...MASTER...": {
            "nQuads": 4,
            "start_perf": [
                0.58614993095397949,
                0.24096300000000001,
                0.083987000000000006,
                218536,
                232300,
                1671503783.0028419,
                1125672240472702
            ],
            "child_modules": {
                "Top": 1
            },
            "end_perf": [
                0.59934496879577637,
                0.24396200000000001,
                0.087985999999999995,
                219996,
                232300,
                1125672266820060,
                0,
                0
            ],
            "nMops": 7,
            "nRouts": 8
        },
        "Mux": {
            "nQuads": 30,
            "start_perf": [
                0.64494490623474121,
                0.28595599999999999,
                0.090985999999999997,
                221480,
                232300,
                1671503783.0616369,
                1125672357775320
            ],
            "Compiled Times": 2,
            "child_modules": {},
            "end_perf": [
                0.64738202095031738,
                0.28795599999999999,
                0.091985999999999998,
                221480,
                232300,
                1125672362643952,
                34359738369,
                0
            ],
            "Compiled": "Yes",
            "nMops": 104,
            "nRouts": 12
        },
        "Reg_ID_EX": {
            "nQuads": 186,
            "start_perf": [
                0.64747405052185059,
                0.28795599999999999,
                0.091985999999999998,
                221480,
                232300,
                1671503783.0641661,
                1125672362790037
            ],
            "Compiled Times": 2,
            "child_modules": {},
            "end_perf": [
                0.65291905403137207,
                0.29295500000000002,
                0.091985999999999998,
                221480,
                232300,
                1125672373724325,
                47244640257,
                0
            ],
            "Compiled": "Yes",
            "nMops": 379,
            "nRouts": 44
        },
        "SRAM": {
            "nQuads": 149,
            "start_perf": [
                0.66235709190368652,
                0.300954,
                0.093984999999999999,
                221480,
                232300,
                1671503783.0790491,
                1125672392479065
            ],
            "Compiled Times": 2,
            "child_modules": {},
            "end_perf": [
                0.66801309585571289,
                0.30595299999999997,
                0.094985,
                221480,
                232300,
                1125672403801732,
                68719476737,
                0
            ],
            "Compiled": "Yes",
            "nMops": 573,
            "nRouts": 21
        },
        "ALU": {
            "nQuads": 205,
            "start_perf": [
                0.5995330810546875,
                0.24396200000000001,
                0.087985999999999995,
                219996,
                232300,
                1671503783.0162251,
                1125672267166725
            ],
            "Compiled Times": 2,
            "child_modules": {},
            "end_perf": [
                0.6093900203704834,
                0.25196099999999999,
                0.089985999999999997,
                220396,
                232300,
                1125672286857960,
                8589934593,
                0
            ],
            "Compiled": "Yes",
            "nMops": 612,
            "nRouts": 17
        },
        "Controller": {
            "nQuads": 1250,
            "start_perf": [
                0.60948705673217773,
                0.25196099999999999,
                0.089985999999999997,
                220396,
                232300,
                1671503783.0261791,
                1125672287013645
            ],
            "Compiled Times": 2,
            "child_modules": {},
            "end_perf": [
                0.64217495918273926,
                0.28395599999999999,
                0.090985999999999997,
                221480,
                232300,
                1125672352261605,
                12884901889,
                0
            ],
            "Compiled": "Yes",
            "nMops": 4294,
            "nRouts": 179
        },
        "JB_Unit": {
            "nQuads": 28,
            "start_perf": [
                0.64227199554443359,
                0.28395599999999999,
                0.090985999999999997,
                221480,
                232300,
                1671503783.058964,
                1125672352413082
            ],
            "Compiled Times": 2,
            "child_modules": {},
            "end_perf": [
                0.64485287666320801,
                0.28595599999999999,
                0.090985999999999997,
                221480,
                232300,
                1125672357600052,
                25769803777,
                0
            ],
            "Compiled": "Yes",
            "nMops": 95,
            "nRouts": 11
        },
        "Reg_PC": {
            "nQuads": 84,
            "start_perf": [
                0.6530299186706543,
                0.29395500000000002,
                0.091985999999999998,
                221480,
                232300,
                1671503783.0697219,
                1125672373877385
            ],
            "Compiled Times": 2,
            "child_modules": {},
            "end_perf": [
                0.65672993659973145,
                0.29595500000000002,
                0.092984999999999998,
                221480,
                232300,
                1125672381294712,
                60129542145,
                0
            ],
            "Compiled": "Yes",
            "nMops": 185,
            "nRouts": 21
        },
        "RegFile": {
            "nQuads": 133,
            "start_perf": [
                0.65682291984558105,
                0.29595500000000002,
                0.092984999999999998,
                221480,
                232300,
                1671503783.0735149,
                1125672381440925
            ],
            "Compiled Times": 2,
            "child_modules": {},
            "end_perf": [
                0.66226291656494141,
                0.300954,
                0.093984999999999999,
                221480,
                232300,
                1125672392332515,
                64424509441,
                0
            ],
            "Compiled": "Yes",
            "nMops": 492,
            "nRouts": 26
        },
        "Top": {
            "start_perf": [
                0.66810798645019531,
                0.30595299999999997,
                0.094985,
                221480,
                232300,
                1671503783.0848,
                1125672403951867
            ],
            "nQuads": 2566,
            "Compiled Times": 2,
            "child_modules": {
                "ALU": 1,
                "SRAM": 1,
                "Reg_ID_EX": 1,
                "Reg_PC": 1,
                "Mux": 6,
                "Controller": 1,
                "RegFile": 1,
                "JB_Unit": 1
            },